MicrorregiaoIBGE;Localidade
Anicuns;Adelândia
Anicuns;Americano do Brasil
Anicuns;Anicuns
Anicuns;Aurilândia
Anicuns;Avelinópolis
Anicuns;Buriti de Goiás
Anicuns;Firminópolis
Anicuns;Mossâmedes
Anicuns;Nazário
Anicuns;Sanclerlândia
Anicuns;Santa Bárbara de Goiás
Anicuns;São Luis de Montes Belos
Anicuns;Turvânia
Anápolis;Anápolis
Anápolis;Araçu
Anápolis;Brazabrantes
Anápolis;Campo Limpo de Goiás
Anápolis;Caturaí
Anápolis;Damolândia
Anápolis;Heitoraí
Anápolis;Inhumas
Anápolis;Itaberaí
Anápolis;Itaguari
Anápolis;Itaguaru
Anápolis;Itauçu
Anápolis;Jaraguá
Anápolis;Jesúpolis
Anápolis;Nova Veneza
Anápolis;Ouro Verde de Goiás
Anápolis;Petrolina de Goiás
Anápolis;Santa Rosa de Goiás
Anápolis;São Francisco de Goiás
Anápolis;Taquaral de Goiás
Ceres;Barro Alto
Ceres;Carmo do Rio Verde
Ceres;Ceres
Ceres;Goianésia
Ceres;Guaraíta
Ceres;Guarinos
Ceres;Hidrolina
Ceres;Ipiranga de Goiás
Ceres;Itapaci
Ceres;Itapuranga
Ceres;Morro Agudo de Goiás
Ceres;Nova América
Ceres;Nova Glória
Ceres;Pilar de Goiás
Ceres;Rialma
Ceres;Rianápolis
Ceres;Rubiataba
Ceres;Santa Isabel
Ceres;Santa Rita do Novo Destino
Ceres;São Luiz do Norte
Ceres;São Patrício
Ceres;Uruana
Goiânia;Abadia de Goiás
Goiânia;Aparecida de Goiânia
Goiânia;Aragoiânia
Goiânia;Bela Vista de Goiás
Goiânia;Bonfinópolis
Goiânia;Caldazinha
Goiânia;Goianira
Goiânia;Goianápolis
Goiânia;Goiânia
Goiânia;Guapó
Goiânia;Hidrolândia
Goiânia;Leopoldo de Bulhões
Goiânia;Nerópolis
Goiânia;Santo Antônio de Goiás
Goiânia;Senador Canedo
Goiânia;Terezópolis de Goiás
Goiânia;Trindade
Iporá;Amorinópolis
Iporá;Cachoeira de Goiás
Iporá;Córrego do Ouro
Iporá;Fazenda Nova
Iporá;Iporá
Iporá;Israelândia
Iporá;Ivolândia
Iporá;Jaupaci
Iporá;Moiporá
Iporá;Novo Brasil
Entorno de Brasília;Abadiânia
Entorno de Brasília;Alexânia
Entorno de Brasília;Cabeceiras
Entorno de Brasília;Cidade Ocidental
Entorno de Brasília;Cocalzinho de Goiás
Entorno de Brasília;Corumbá de Goiás
Entorno de Brasília;Cristalina
Entorno de Brasília;Formosa
Entorno de Brasília;Luziânia
Entorno de Brasília;Mimoso de Goiás
Entorno de Brasília;Novo Gama
Entorno de Brasília;Padre Bernardo
Entorno de Brasília;Pirenópolis
Entorno de Brasília;Planaltina
Entorno de Brasília;Santo Antônio do Descoberto
Entorno de Brasília;Valparaíso de Goiás
Entorno de Brasília;Vila Boa
Entorno de Brasília;Vila Propício
Entorno de Brasília;Água Fria de Goiás
Entorno de Brasília;Águas Lindas de Goiás
Vão do Paranã;Alvorada do Norte
Vão do Paranã;Buritinópolis
Vão do Paranã;Damianópolis
Vão do Paranã;Divinópolis de Goiás
Vão do Paranã;Flores de Goiás
Vão do Paranã;Guarani de Goiás
Vão do Paranã;Iaciara
Vão do Paranã;Mambaí
Vão do Paranã;Posse
Vão do Paranã;Simolândia
Vão do Paranã;São Domingos
Vão do Paranã;Sítio d'Abadia
Aragarças;Aragarças
Aragarças;Arenópolis
Aragarças;Baliza
Aragarças;Bom Jardim de Goiás
Aragarças;Diorama
Aragarças;Montes Claros de Goiás
Aragarças;Piranhas
Rio Vermelho;Araguapaz
Rio Vermelho;Aruanã
Rio Vermelho;Britânia
Rio Vermelho;Faina
Rio Vermelho;Goiás
Rio Vermelho;Itapirapuã
Rio Vermelho;Jussara
Rio Vermelho;Matrinchã
Rio Vermelho;Santa Fé de Goiás
São Miguel do Araguaia;Crixás
São Miguel do Araguaia;Mozarlândia
São Miguel do Araguaia;Mundo Novo
São Miguel do Araguaia;Nova Crixás
São Miguel do Araguaia;Novo Planalto
São Miguel do Araguaia;São Miguel do Araguaia
São Miguel do Araguaia;Uirapuru
Chapada dos Veadeiros;Alto Paraíso de Goiás
Chapada dos Veadeiros;Campos Belos
Chapada dos Veadeiros;Cavalcante
Chapada dos Veadeiros;Colinas do Sul
Chapada dos Veadeiros;Monte Alegre de Goiás
Chapada dos Veadeiros;Nova Roma
Chapada dos Veadeiros;São João d'Aliança
Chapada dos Veadeiros;Teresina de Goiás
Porangatu;Alto Horizonte
Porangatu;Amaralina
Porangatu;Bonópolis
Porangatu;Campinaçu
Porangatu;Campinorte
Porangatu;Campos Verdes
Porangatu;Estrela do Norte
Porangatu;Formoso
Porangatu;Mara Rosa
Porangatu;Minaçu
Porangatu;Montividiu do Norte
Porangatu;Mutunópolis
Porangatu;Niquelândia
Porangatu;Nova Iguaçu de Goiás
Porangatu;Porangatu
Porangatu;Santa Tereza de Goiás
Porangatu;Santa Terezinha de Goiás
Porangatu;Trombas
Porangatu;Uruaçu
Catalão;Anhanguera
Catalão;Campo Alegre de Goiás
Catalão;Catalão
Catalão;Corumbaíba
Catalão;Cumari
Catalão;Davinópolis
Catalão;Goiandira
Catalão;Ipameri
Catalão;Nova Aurora
Catalão;Ouvidor
Catalão;Três Ranchos
Meia Ponte;Aloândia
Meia Ponte;Bom Jesus de Goiás
Meia Ponte;Buriti Alegre
Meia Ponte;Cachoeira Dourada
Meia Ponte;Caldas Novas
Meia Ponte;Cromínia
Meia Ponte;Goiatuba
Meia Ponte;Inaciolândia
Meia Ponte;Itumbiara
Meia Ponte;Joviânia
Meia Ponte;Mairipotaba
Meia Ponte;Marzagão
Meia Ponte;Morrinhos
Meia Ponte;Panamá
Meia Ponte;Piracanjuba
Meia Ponte;Pontalina
Meia Ponte;Porteirão
Meia Ponte;Professor Jamil
Meia Ponte;Rio Quente
Meia Ponte;Vicentinópolis
Meia Ponte;Água Limpa
Pires do Rio;Cristianópolis
Pires do Rio;Gameleira de Goiás
Pires do Rio;Orizona
Pires do Rio;Palmelo
Pires do Rio;Pires do Rio
Pires do Rio;Santa Cruz de Goiás
Pires do Rio;Silvânia
Pires do Rio;São Miguel do Passa Quatro
Pires do Rio;Urutaí
Pires do Rio;Vianópolis
Quirinópolis;Cachoeira Alta
Quirinópolis;Caçu
Quirinópolis;Gouvelândia
Quirinópolis;Itajá
Quirinópolis;Itarumã
Quirinópolis;Lagoa Santa
Quirinópolis;Paranaiguara
Quirinópolis;Quirinópolis
Quirinópolis;São Simão
Sudoeste de Goiás;Aparecida do Rio Doce
Sudoeste de Goiás;Aporé
Sudoeste de Goiás;Caiapônia
Sudoeste de Goiás;Castelândia
Sudoeste de Goiás;Chapadão do Céu
Sudoeste de Goiás;Doverlândia
Sudoeste de Goiás;Jataí
Sudoeste de Goiás;Maurilândia
Sudoeste de Goiás;Mineiros
Sudoeste de Goiás;Montividiu
Sudoeste de Goiás;Palestina de Goiás
Sudoeste de Goiás;Perolândia
Sudoeste de Goiás;Portelândia
Sudoeste de Goiás;Rio Verde
Sudoeste de Goiás;Santa Helena de Goiás
Sudoeste de Goiás;Santa Rita do Araguaia
Sudoeste de Goiás;Santo Antônio da Barra
Sudoeste de Goiás;Serranópolis
Vale do Rio dos Bois;Acreúna
Vale do Rio dos Bois;Campestre de Goiás
Vale do Rio dos Bois;Cezarina
Vale do Rio dos Bois;Edealina
Vale do Rio dos Bois;Edéia
Vale do Rio dos Bois;Indiara
Vale do Rio dos Bois;Jandaia
Vale do Rio dos Bois;Palmeiras de Goiás
Vale do Rio dos Bois;Palminópolis
Vale do Rio dos Bois;Paraúna
Vale do Rio dos Bois;São João da Paraúna
Vale do Rio dos Bois;Turvelândia
Vale do Rio dos Bois;Varjão
