RegiaoSEGPLAN;Localidade
Centro Goiano;Anápolis
Centro Goiano;Barro Alto
Centro Goiano;Campo Limpo de Goiás
Centro Goiano;Carmo do Rio Verde
Centro Goiano;Ceres
Centro Goiano;Damolândia
Centro Goiano;Goianésia
Centro Goiano;Guarinos
Centro Goiano;Hidrolina
Centro Goiano;Ipiranga de Goiás
Centro Goiano;Itapaci
Centro Goiano;Jaraguá
Centro Goiano;Jesúpolis
Centro Goiano;Morro Agudo de Goiás
Centro Goiano;Nova América
Centro Goiano;Nova Glória
Centro Goiano;Ouro Verde de Goiás
Centro Goiano;Petrolina de Goiás
Centro Goiano;Pilar de Goiás
Centro Goiano;Rialma
Centro Goiano;Rianápolis
Centro Goiano;Rubiataba
Centro Goiano;Santa Isabel
Centro Goiano;Santa Rita do Novo Destino
Centro Goiano;Santa Rosa de Goiás
Centro Goiano;São Francisco de Goiás
Centro Goiano;São Luiz do Norte
Centro Goiano;São Patrício
Centro Goiano;Taquaral de Goiás
Centro Goiano;Uruana
Centro Goiano;Vila Propício
Entorno do DF;Abadiânia
Entorno do DF;Alexânia
Entorno do DF;Cabeceiras
Entorno do DF;Cidade Ocidental
Entorno do DF;Cocalzinho de Goiás
Entorno do DF;Corumbá de Goiás
Entorno do DF;Cristalina
Entorno do DF;Formosa
Entorno do DF;Luziânia
Entorno do DF;Mimoso de Goiás
Entorno do DF;Novo Gama
Entorno do DF;Padre Bernardo
Entorno do DF;Pirenópolis
Entorno do DF;Planaltina
Entorno do DF;Santo Antônio do Descoberto
Entorno do DF;Valparaíso de Goiás
Entorno do DF;Vila Boa
Entorno do DF;Água Fria de Goiás
Entorno do DF;Águas Lindas de Goiás
Metropolitana de Goiânia;Abadia de Goiás
Metropolitana de Goiânia;Aparecida de Goiânia
Metropolitana de Goiânia;Aragoiânia
Metropolitana de Goiânia;Bela Vista de Goiás
Metropolitana de Goiânia;Bonfinópolis
Metropolitana de Goiânia;Brazabrantes
Metropolitana de Goiânia;Caldazinha
Metropolitana de Goiânia;Caturaí
Metropolitana de Goiânia;Goianira
Metropolitana de Goiânia;Goianápolis
Metropolitana de Goiânia;Goiânia
Metropolitana de Goiânia;Guapó
Metropolitana de Goiânia;Hidrolândia
Metropolitana de Goiânia;Inhumas
Metropolitana de Goiânia;Nerópolis
Metropolitana de Goiânia;Nova Veneza
Metropolitana de Goiânia;Santa Bárbara de Goiás
Metropolitana de Goiânia;Santo Antônio de Goiás
Metropolitana de Goiânia;Senador Canedo
Metropolitana de Goiânia;Terezópolis de Goiás
Metropolitana de Goiânia;Trindade
Nordeste Goiano;Alto Paraíso de Goiás
Nordeste Goiano;Alvorada do Norte
Nordeste Goiano;Buritinópolis
Nordeste Goiano;Campos Belos
Nordeste Goiano;Cavalcante
Nordeste Goiano;Colinas do Sul
Nordeste Goiano;Damianópolis
Nordeste Goiano;Divinópolis de Goiás
Nordeste Goiano;Flores de Goiás
Nordeste Goiano;Guarani de Goiás
Nordeste Goiano;Iaciara
Nordeste Goiano;Mambaí
Nordeste Goiano;Monte Alegre de Goiás
Nordeste Goiano;Nova Roma
Nordeste Goiano;Posse
Nordeste Goiano;Simolândia
Nordeste Goiano;São Domingos
Nordeste Goiano;São João d'Aliança
Nordeste Goiano;Sítio d'Abadia
Nordeste Goiano;Teresina de Goiás
Noroeste Goiano;Araguapaz
Noroeste Goiano;Araçu
Noroeste Goiano;Aruanã
Noroeste Goiano;Faina
Noroeste Goiano;Goiás
Noroeste Goiano;Guaraíta
Noroeste Goiano;Heitoraí
Noroeste Goiano;Itaberaí
Noroeste Goiano;Itaguari
Noroeste Goiano;Itaguaru
Noroeste Goiano;Itapuranga
Noroeste Goiano;Itauçu
Noroeste Goiano;Matrinchã
Norte Goiano;Alto Horizonte
Norte Goiano;Amaralina
Norte Goiano;Bonópolis
Norte Goiano;Campinaçu
Norte Goiano;Campinorte
Norte Goiano;Campos Verdes
Norte Goiano;Crixás
Norte Goiano;Estrela do Norte
Norte Goiano;Formoso
Norte Goiano;Mara Rosa
Norte Goiano;Minaçu
Norte Goiano;Montividiu do Norte
Norte Goiano;Mozarlândia
Norte Goiano;Mundo Novo
Norte Goiano;Mutunópolis
Norte Goiano;Niquelândia
Norte Goiano;Nova Crixás
Norte Goiano;Nova Iguaçu de Goiás
Norte Goiano;Novo Planalto
Norte Goiano;Porangatu
Norte Goiano;Santa Tereza de Goiás
Norte Goiano;Santa Terezinha de Goiás
Norte Goiano;São Miguel do Araguaia
Norte Goiano;Trombas
Norte Goiano;Uirapuru
Norte Goiano;Uruaçu
Oeste Goiano;Adelândia
Oeste Goiano;Americano do Brasil
Oeste Goiano;Amorinópolis
Oeste Goiano;Anicuns
Oeste Goiano;Aragarças
Oeste Goiano;Arenópolis
Oeste Goiano;Aurilândia
Oeste Goiano;Avelinópolis
Oeste Goiano;Baliza
Oeste Goiano;Bom Jardim de Goiás
Oeste Goiano;Britânia
Oeste Goiano;Buriti de Goiás
Oeste Goiano;Cachoeira de Goiás
Oeste Goiano;Caiapônia
Oeste Goiano;Campestre de Goiás
Oeste Goiano;Córrego do Ouro
Oeste Goiano;Diorama
Oeste Goiano;Doverlândia
Oeste Goiano;Fazenda Nova
Oeste Goiano;Firminópolis
Oeste Goiano;Iporá
Oeste Goiano;Israelândia
Oeste Goiano;Itapirapuã
Oeste Goiano;Ivolândia
Oeste Goiano;Jandaia
Oeste Goiano;Jaupaci
Oeste Goiano;Jussara
Oeste Goiano;Moiporá
Oeste Goiano;Montes Claros de Goiás
Oeste Goiano;Mossâmedes
Oeste Goiano;Nazário
Oeste Goiano;Novo Brasil
Oeste Goiano;Palestina de Goiás
Oeste Goiano;Palmeiras de Goiás
Oeste Goiano;Palminópolis
Oeste Goiano;Paraúna
Oeste Goiano;Piranhas
Oeste Goiano;Sanclerlândia
Oeste Goiano;Santa Fé de Goiás
Oeste Goiano;São João da Paraúna
Oeste Goiano;São Luis de Montes Belos
Oeste Goiano;Turvânia
Sudeste Goiano;Anhanguera
Sudeste Goiano;Campo Alegre de Goiás
Sudeste Goiano;Catalão
Sudeste Goiano;Corumbaíba
Sudeste Goiano;Cristianópolis
Sudeste Goiano;Cumari
Sudeste Goiano;Davinópolis
Sudeste Goiano;Gameleira de Goiás
Sudeste Goiano;Goiandira
Sudeste Goiano;Ipameri
Sudeste Goiano;Leopoldo de Bulhões
Sudeste Goiano;Nova Aurora
Sudeste Goiano;Orizona
Sudeste Goiano;Ouvidor
Sudeste Goiano;Palmelo
Sudeste Goiano;Pires do Rio
Sudeste Goiano;Santa Cruz de Goiás
Sudeste Goiano;Silvânia
Sudeste Goiano;São Miguel do Passa Quatro
Sudeste Goiano;Três Ranchos
Sudeste Goiano;Urutaí
Sudeste Goiano;Vianópolis
Sudoeste Goiano;Acreúna
Sudoeste Goiano;Aparecida do Rio Doce
Sudoeste Goiano;Aporé
Sudoeste Goiano;Cachoeira Alta
Sudoeste Goiano;Castelândia
Sudoeste Goiano;Caçu
Sudoeste Goiano;Chapadão do Céu
Sudoeste Goiano;Gouvelândia
Sudoeste Goiano;Itajá
Sudoeste Goiano;Itarumã
Sudoeste Goiano;Jataí
Sudoeste Goiano;Lagoa Santa
Sudoeste Goiano;Maurilândia
Sudoeste Goiano;Mineiros
Sudoeste Goiano;Montividiu
Sudoeste Goiano;Paranaiguara
Sudoeste Goiano;Perolândia
Sudoeste Goiano;Portelândia
Sudoeste Goiano;Quirinópolis
Sudoeste Goiano;Rio Verde
Sudoeste Goiano;Santa Helena de Goiás
Sudoeste Goiano;Santa Rita do Araguaia
Sudoeste Goiano;Santo Antônio da Barra
Sudoeste Goiano;Serranópolis
Sudoeste Goiano;São Simão
Sudoeste Goiano;Turvelândia
Sul Goiano;Aloândia
Sul Goiano;Bom Jesus de Goiás
Sul Goiano;Buriti Alegre
Sul Goiano;Cachoeira Dourada
Sul Goiano;Caldas Novas
Sul Goiano;Cezarina
Sul Goiano;Cromínia
Sul Goiano;Edealina
Sul Goiano;Edéia
Sul Goiano;Goiatuba
Sul Goiano;Inaciolândia
Sul Goiano;Indiara
Sul Goiano;Itumbiara
Sul Goiano;Joviânia
Sul Goiano;Mairipotaba
Sul Goiano;Marzagão
Sul Goiano;Morrinhos
Sul Goiano;Panamá
Sul Goiano;Piracanjuba
Sul Goiano;Pontalina
Sul Goiano;Porteirão
Sul Goiano;Professor Jamil
Sul Goiano;Rio Quente
Sul Goiano;Varjão
Sul Goiano;Vicentinópolis
Sul Goiano;Água Limpa
